Model,Kimlik,Bağlantı
"M002","hk-002-001","https://sahinkayamobilya.com/konfigurator/?m=M002&r=7044&f=yari-parlak&d=1&dy=10"
"M003","hk-003-001","https://sahinkayamobilya.com/konfigurator/?m=M003&r=7044&f=yari-parlak&d=1&dy=10"
"M004","hk-004-001","https://sahinkayamobilya.com/konfigurator/?m=M004&r=7044&f=yari-parlak&d=1&dy=10"
"M005","hk-005-001","https://sahinkayamobilya.com/konfigurator/?m=M005&r=7044&f=yari-parlak&d=1&dy=10"
"M006","kapak-3970","https://sahinkayamobilya.com/konfigurator/?m=M006&r=7044&f=yari-parlak&d=1&dy=10"
"M007","hk-007-001","https://sahinkayamobilya.com/konfigurator/?m=M007&r=7044&f=yari-parlak&d=1&dy=10"
"M008","hk-008-001","https://sahinkayamobilya.com/konfigurator/?m=M008&r=7044&f=yari-parlak&d=1&dy=10"
"M009","hk-009-001","https://sahinkayamobilya.com/konfigurator/?m=M009&r=7044&f=yari-parlak&d=1&dy=10"
"M010","hk-010-001","https://sahinkayamobilya.com/konfigurator/?m=M010&r=7044&f=yari-parlak&d=1&dy=10"
"M011","hk-011-001","https://sahinkayamobilya.com/konfigurator/?m=M011&r=7044&f=yari-parlak&d=1&dy=10"
"M012","hk-012-001","https://sahinkayamobilya.com/konfigurator/?m=M012&r=7044&f=yari-parlak&d=1&dy=10"
"M013","hk-013-001","https://sahinkayamobilya.com/konfigurator/?m=M013&r=7044&f=yari-parlak&d=1&dy=10"
"M014","hk-014-001","https://sahinkayamobilya.com/konfigurator/?m=M014&r=7044&f=yari-parlak&d=1&dy=10"
"M015","hk-015-001","https://sahinkayamobilya.com/konfigurator/?m=M015&r=7044&f=yari-parlak&d=1&dy=10"
"M018","hk-018-001","https://sahinkayamobilya.com/konfigurator/?m=M018&r=7044&f=yari-parlak&d=1&dy=10"
"M019","hk-019-001","https://sahinkayamobilya.com/konfigurator/?m=M019&r=7044&f=yari-parlak&d=1&dy=10"
"M020","hk-020-001","https://sahinkayamobilya.com/konfigurator/?m=M020&r=7044&f=yari-parlak&d=1&dy=10"
"M021","hk-021-001","https://sahinkayamobilya.com/konfigurator/?m=M021&r=7044&f=yari-parlak&d=1&dy=10"
"M022","hk-022-001","https://sahinkayamobilya.com/konfigurator/?m=M022&r=7044&f=yari-parlak&d=1&dy=10"
"M023","hk-023-001","https://sahinkayamobilya.com/konfigurator/?m=M023&r=7044&f=yari-parlak&d=1&dy=10"
"M024","hk-024-001","https://sahinkayamobilya.com/konfigurator/?m=M024&r=7044&f=yari-parlak&d=1&dy=10"
"M025","hk-025-001","https://sahinkayamobilya.com/konfigurator/?m=M025&r=7044&f=yari-parlak&d=1&dy=10"
"M026","hk-026-001","https://sahinkayamobilya.com/konfigurator/?m=M026&r=7044&f=yari-parlak&d=1&dy=10"
"M030","hk-030-001","https://sahinkayamobilya.com/konfigurator/?m=M030&r=7044&f=yari-parlak&d=1&dy=10"
"M031","hk-031-001","https://sahinkayamobilya.com/konfigurator/?m=M031&r=7044&f=yari-parlak&d=1&dy=10"
"M032","hk-032-001","https://sahinkayamobilya.com/konfigurator/?m=M032&r=7044&f=yari-parlak&d=1&dy=10"
"M033","hk-033-001","https://sahinkayamobilya.com/konfigurator/?m=M033&r=7044&f=yari-parlak&d=1&dy=10"
"M034","hk-034-001","https://sahinkayamobilya.com/konfigurator/?m=M034&r=7044&f=yari-parlak&d=1&dy=10"
"M038","hk-038-001","https://sahinkayamobilya.com/konfigurator/?m=M038&r=7044&f=yari-parlak&d=1&dy=10"
"M039","hk-039-001","https://sahinkayamobilya.com/konfigurator/?m=M039&r=7044&f=yari-parlak&d=1&dy=10"
"M041","hk-041-001","https://sahinkayamobilya.com/konfigurator/?m=M041&r=7044&f=yari-parlak&d=1&dy=10"
"M043","hk-043-001","https://sahinkayamobilya.com/konfigurator/?m=M043&r=7044&f=yari-parlak&d=1&dy=10"
"M044","hk-044-001","https://sahinkayamobilya.com/konfigurator/?m=M044&r=7044&f=yari-parlak&d=1&dy=10"
"M045","hk-045-001","https://sahinkayamobilya.com/konfigurator/?m=M045&r=7044&f=yari-parlak&d=1&dy=10"
"M046","hk-046-001","https://sahinkayamobilya.com/konfigurator/?m=M046&r=7044&f=yari-parlak&d=1&dy=10"
"M047","hk-047-001","https://sahinkayamobilya.com/konfigurator/?m=M047&r=7044&f=yari-parlak&d=1&dy=10"
"M048","hk-048-001","https://sahinkayamobilya.com/konfigurator/?m=M048&r=7044&f=yari-parlak&d=1&dy=10"
"M049","hk-049-001","https://sahinkayamobilya.com/konfigurator/?m=M049&r=7044&f=yari-parlak&d=1&dy=10"
"M051","hk-051-002","https://sahinkayamobilya.com/konfigurator/?m=M051&r=7044&f=yari-parlak&d=1&dy=10"
"M052","hk-052-001","https://sahinkayamobilya.com/konfigurator/?m=M052&r=7044&f=yari-parlak&d=1&dy=10"
"M053","hk-053-001","https://sahinkayamobilya.com/konfigurator/?m=M053&r=7044&f=yari-parlak&d=1&dy=10"
"M054","hk-054-001","https://sahinkayamobilya.com/konfigurator/?m=M054&r=7044&f=yari-parlak&d=1&dy=10"
"M056","hk-056-003","https://sahinkayamobilya.com/konfigurator/?m=M056&r=7044&f=yari-parlak&d=1&dy=10"
"M057","hk-057-001","https://sahinkayamobilya.com/konfigurator/?m=M057&r=7044&f=yari-parlak&d=1&dy=10"
"M058","hk-058-001","https://sahinkayamobilya.com/konfigurator/?m=M058&r=7044&f=yari-parlak&d=1&dy=10"
"M059","hk-059-001","https://sahinkayamobilya.com/konfigurator/?m=M059&r=7044&f=yari-parlak&d=1&dy=10"
"M064","hk-064-001","https://sahinkayamobilya.com/konfigurator/?m=M064&r=7044&f=yari-parlak&d=1&dy=10"
"M065","hk-065-001","https://sahinkayamobilya.com/konfigurator/?m=M065&r=7044&f=yari-parlak&d=1&dy=10"
"M068-02","hk-068-002","https://sahinkayamobilya.com/konfigurator/?m=M068-02&r=7044&f=yari-parlak&d=1&dy=10"
"M068-04","hk-068-004","https://sahinkayamobilya.com/konfigurator/?m=M068-04&r=7044&f=yari-parlak&d=1&dy=10"
"M069","hk-069-001","https://sahinkayamobilya.com/konfigurator/?m=M069&r=7044&f=yari-parlak&d=1&dy=10"
"M070","hk-070-001","https://sahinkayamobilya.com/konfigurator/?m=M070&r=7044&f=yari-parlak&d=1&dy=10"
"M071","hk-071-001","https://sahinkayamobilya.com/konfigurator/?m=M071&r=7044&f=yari-parlak&d=1&dy=10"
"M072","hk-072-001","https://sahinkayamobilya.com/konfigurator/?m=M072&r=7044&f=yari-parlak&d=1&dy=10"
"M073","hk-073-001","https://sahinkayamobilya.com/konfigurator/?m=M073&r=7044&f=yari-parlak&d=1&dy=10"
"M074","hk-074-001","https://sahinkayamobilya.com/konfigurator/?m=M074&r=7044&f=yari-parlak&d=1&dy=10"
"M075","hk-075-001","https://sahinkayamobilya.com/konfigurator/?m=M075&r=7044&f=yari-parlak&d=1&dy=10"
"M080","hk-080-001","https://sahinkayamobilya.com/konfigurator/?m=M080&r=7044&f=yari-parlak&d=1&dy=10"
"M081","hk-081-001","https://sahinkayamobilya.com/konfigurator/?m=M081&r=7044&f=yari-parlak&d=1&dy=10"
"M082","hk-082-001","https://sahinkayamobilya.com/konfigurator/?m=M082&r=7044&f=yari-parlak&d=1&dy=10"
"M090","hk-090-001","https://sahinkayamobilya.com/konfigurator/?m=M090&r=7044&f=yari-parlak&d=1&dy=10"
"M099","hk-099-001","https://sahinkayamobilya.com/konfigurator/?m=M099&r=7044&f=yari-parlak&d=1&dy=10"
"yandankulplu","yandan-kulplu","https://sahinkayamobilya.com/konfigurator/?m=yandan-kulplu&r=7044&f=yari-parlak&d=1&dy=10"
"açılı kapak","acili-kapak","https://sahinkayamobilya.com/konfigurator/?m=acili-kapak&r=7044&f=yari-parlak&d=1&dy=10"
"alttankulplu","alttan-kulplu","https://sahinkayamobilya.com/konfigurator/?m=alttan-kulplu&r=7044&f=yari-parlak&d=1&dy=10"
"camlı1","camli-1","https://sahinkayamobilya.com/konfigurator/?m=camli-1&r=7044&f=yari-parlak&d=1&dy=10"
"camlı2","camli-2","https://sahinkayamobilya.com/konfigurator/?m=camli-2&r=7044&f=yari-parlak&d=1&dy=10"
"camlı3","camli-3","https://sahinkayamobilya.com/konfigurator/?m=camli-3&r=7044&f=yari-parlak&d=1&dy=10"
"camlı4","camli-4","https://sahinkayamobilya.com/konfigurator/?m=camli-4&r=7044&f=yari-parlak&d=1&dy=10"
"ekkapak","ek-kapak","https://sahinkayamobilya.com/konfigurator/?m=ek-kapak&r=7044&f=yari-parlak&d=1&dy=10"
"gardrop 1","gardrop-1","https://sahinkayamobilya.com/konfigurator/?m=gardrop-1&r=7044&f=yari-parlak&d=1&dy=10"
"gardrop 2","gardrop-2","https://sahinkayamobilya.com/konfigurator/?m=gardrop-2&r=7044&f=yari-parlak&d=1&dy=10"
"gardrop 3","gardrop-3","https://sahinkayamobilya.com/konfigurator/?m=gardrop-3&r=7044&f=yari-parlak&d=1&dy=10"
"gardrop 4","gardrop-4","https://sahinkayamobilya.com/konfigurator/?m=gardrop-4&r=7044&f=yari-parlak&d=1&dy=10"
